Truyen Hinh Vinh Long,www.youtube.com/channel/UCYIUuKyiDCBnG-tp6jr-1nA
CJ BLUE Entertainment,https://www.youtube.com/channel/UC0oYkH0vjPJybW616NMBW1Q
THVL Tổng Hợp,www.youtube.com/channel/UC0Rd9opm-RIWEoMvhq6ottQ
HTV2 Channel,www.youtube.com/channel/UCkna2OcuN1E6u5I8GVtdkOw
THVL Giải Trí ,https://www.youtube.com/channel/UCruaM4824Rr_ry7fsD5Jwag
VTV Go,www.youtube.com/channel/UCfxbE4_BAlry2GFoNLDXPRA
Một Trăm Triệu Một Phút,www.youtube.com/channel/UCiPiVHB9fqldOqDM0LLWxKA
ĐÔNG TÂY PROMOTION OFFICIAL,www.youtube.com/channel/UCFMEYTv6N64hIL9FlQ_hxBw
MCVMedia,www.youtube.com/channel/UCsluIbpgt14y6KUcwqCxXbg
Thách Thức Danh Hài,www.youtube.com/channel/UCuHL9SSiXZnM89fM2n3GMPg
MCV TV,www.youtube.com/channel/UCf-pGBru0gu77gMXzs2OBLA
Giọng Hát Việt,www.youtube.com/channel/UChi7ZkzGovVqYNEbetu6MQA
Giong Hat Viet Nhi / The Voice Kids Vietnam,www.youtube.com/channel/UCPyR-XdZR6mEGuUJipf3MAg
HTV Entertainment,www.youtube.com/channel/UCbq8aOyj9ZtIqcD-0MwG1fQ
Học Viện Ngôi Sao,www.youtube.com/channel/UChEWxLgYDTHbqq5Wxw9N6rw
VNsGotTalent,www.youtube.com/channel/UCdouf4Nk-opU7-J1VMrRHsw
Ơn giời cậu đây rồi,www.youtube.com/channel/UC9hjXy61UPW7iLfWswKzhww
HOÁN ĐỔI,www.youtube.com/channel/UCUvXnUDkgCZE6SDvsGSEpVw
BƯỚC NHẢY NGÀN CÂN,www.youtube.com/channel/UCWbIyyRQoUEEwz-dswqWxww
5S ONLINE,www.youtube.com/channel/UCL2BnoeVmDODuNEPuxobpug
YAN News,www.youtube.com/channel/UCWW5Trxwcc_fzgpvSSrKZBQ
Smart Media - Sitcom,www.youtube.com/channel/UCGUkY3VRQK3J-ewWo-5inLw
Colors TV,www.youtube.com/channel/UC55IWqFLDH1Xp7iu1_xknRA
POPS TV VIETNAM,www.youtube.com/channel/UC6K3k5O0Dogk1v00beoGMTw
Người Bí Ẩn 2017,www.youtube.com/channel/UCUbNpziH0pGLRpjP89CAltA
HPLUS Films,www.youtube.com/channel/UC0FT3GYB73T_qJnKHR6qs2w
Zing TV Official,www.youtube.com/channel/UCKaO3GcTYEZbaSuPXYMvnCQ
Lý Hải Pro,www.youtube.com/channel/UCClGm4b1PlgIuJ1j4rjw-OA
Trường Giang,www.youtube.com/channel/UCpdBEsgVIcWbrwWuemjnxXg
Van Son,www.youtube.com/channel/UCtH2Zug6bEpkxLhnoervTQw
Thang Long Audio Visual,www.youtube.com/channel/UCc4DFew7HPlONqWatBM_w0A
The X Factor - Nhân Tố Bí Ẩn,www.youtube.com/channel/UCozLdLeDky0-RJHbFfmKT0Q
YEAH1 MOVIE,www.youtube.com/channel/UCk9ft9Cy-uh0I2goL48KASg
Gương Mặt Thân Quen Official,www.youtube.com/channel/UCrSKj-RrMsqIXq-_9DGSbKA
KhangProFilm,www.youtube.com/channel/UC89u8T2JjgjAo1G37dXLLWw
CuocDuaKyThuVN,www.youtube.com/channel/UCwf3JXtYPSyqWnwMic-cs7Q
KBS World TV,www.youtube.com/channel/UC5BMQOsAB8hKUyHu9KI6yig
MBCentertainment,www.youtube.com/channel/UCiBr0bK06imaMbLc8sAEz0A
Bước Chân Hai Thế Hệ,www.youtube.com/channel/UCio6FxKDdu7qBLNecROs2Jw
NZfarmer,www.youtube.com/channel/UCc6YfsZzYzBY-iMM0xeyjMA
BẠN MUỐN HẸN HÒ,www.youtube.com/channel/UCYd8eNMptkrGQs5F1JFHgMA
Xuân Hinh Official Channel,www.youtube.com/channel/UCepUbJfNJCEsQcuQaDsBarQ
Người Bí Ẩn | Odd One In (Vietnam),www.youtube.com/channel/UCQhzSvfiKSIs3kxnSrgqqGw
Vietnam Idol,www.youtube.com/channel/UCs0N0TBi2j156kZ4AOnnB2g
VIVA Network,www.youtube.com/channel/UCF5RuEuoGrqGtscvLGLOMew
Giải Trí TV,https://www.youtube.com/user/ChannelGiaiTriTV
VieShows,https://www.youtube.com/channel/UCzpv5GkSbYqkFdC_lOOi4aQ
DIEN QUAN Entertainment / Giải Trí,https://www.youtube.com/channel/UCA3GtNtuKvcj6VrwZ5Gpx9g
DIEN QUAN Comedy / Hài ,https://www.youtube.com/channel/UCwmurIyZ6FHyVPtKppe_2_A
DIEN QUAN Food & Lifestyle/ Ẩm thực & Cuộc sống,https://www.youtube.com/channel/UCF81Px1sy2hXbM36_YhhoYg
DIEN QUAN Kids,https://www.youtube.com/channel/UCNGs9HfpAkghyB1jAfw6-UA
KN Channel,www.youtube.com/channel/UCXF15hEQI7y1hpoZK4cZDEQ
Kids Tv Vietnam,www.youtube.com/channel/UCeVTeLnKQ17H1hoT3kVd1iQ
Little Baby Bum - Nursery Rhymes & Kids Songs,www.youtube.com/channel/UCKAqou7V9FAWXpZd9xtOg3Q
Đồ Chơi Trẻ Em,https://www.youtube.com/channel/UCd_fY3yXXhaZrmepi5CCncw
Kids Channel - Cartoon Videos for Kids,www.youtube.com/channel/UC3KknIJZXRygH2pZ6MDtGbg
Hi Pencil Studio,www.youtube.com/channel/UCvoQ2QzfwzoYU4OV8bPcDhw
Kênh Thiếu Nhi - BHMEDIA,www.youtube.com/channel/UC6eq3sR4CtbvGdmInchzWUA
Baby Big Mouth,www.youtube.com/channel/UCWr4vlkj5xXQ4bSXNeTT2AA
Bee Sweetiee,www.youtube.com/channel/UCR8aCjafSwh33ovhZhXa6Fg
DẠY TRẺ THÔNG MINH SỚM,www.youtube.com/channel/UCGcJDcl6ybo3-4XJ_ZmGF4Q
KIDS 312,www.youtube.com/channel/UC8L3Rrqjk6qDjJS35TGHh0w
Super Simple Songs - Kids Songs,www.youtube.com/channel/UCLsooMJoIpl_7ux2jvdPB-Q
Super DOG,www.youtube.com/channel/UCY6w7yucQDnJJ40x6_urpkg
MonMon,www.youtube.com/channel/UCOhGz_7UNtYRCccXvoAuOsw
Маша и Медведь,www.youtube.com/channel/UCRv76wLBC73jiP7LX4C3l8Q
Mr.Wheeler&Friends,www.youtube.com/channel/UC1f30HQiOR7NzmE8PYPQhZw
NaoFun Toys,www.youtube.com/channel/UCS3VJQpFmLbBd5qsWci9KPA
Bé Bảo An,www.youtube.com/channel/UCSkZeVTfy_emZf_7lujP2bg
POMPOM4kids,https://www.youtube.com/channel/UCyHrmbv5D0UEZlOptPhArPg
HTVC Teen,www.youtube.com/channel/UC3mTT8JcFtivH6wxNyn2xJQ
Báo Hồng Official,www.youtube.com/channel/UCQoWPs6_BraLiu-u-JmbAfg
Kid Studio,www.youtube.com/channel/UCwBA0PfQ_x03pmpPr7gk9LA
Fluffy Jet Toys,www.youtube.com/channel/UCVE91qOw9Ke8EsK95lMuF2Q
Kids TV HD EggVideos.com,www.youtube.com/channel/UCwZrpRCU4MotIIzhl5_6KBQ
NKH Funny Film,www.youtube.com/channel/UCd7yOKavCHQN6fxDH-xXmZA
Babies Channel,www.youtube.com/channel/UCTF0RXrjBovs5tPKj_M1UgQ
Bé Xuân Mai,www.youtube.com/channel/UCkyrwWdnBPixlzQADYQJ8ow
Xuan Mai,www.youtube.com/channel/UCrOcZgy3gRVzhph93tydvfg
Câu chuyện cổ tích việt nam - Stories for Children Vietnamese,https://www.youtube.com/channel/UCK2DraqCWk393bqPA7yM_0w
TRUYỆN CỔ TÍCH VIỆT NAM,https://www.youtube.com/channel/UCwgAK_3nTZBRpwSmwX468hA
Khoảnh khắc kỳ diệu - Wonderful Moments,https://www.youtube.com/channel/UCye7CdYyz1CtQb8rZFGtPIg
Giải Trí Cho Bé,https://www.youtube.com/channel/UCvO_er5Bxl5hKGbr5sIuJQg
Penguins TV,https://www.youtube.com/channel/UCV6PC3Z5eNS3KLVvUJJePYg
Finger Family Songs,www.youtube.com/channel/UCc-YCLZsBzb3tytzEDToZVw
♫ SURPRISE SONGS ♫,https://www.youtube.com/channel/UCYOHVFqdZ3H8xPOEgrGEmqQ
Abi and Friends,https://www.youtube.com/channel/UCVi_GtP-1stDmhPuWCCQ5KA
123abc KidsToy TV,https://www.youtube.com/channel/UCEQo2Ez1bQRyiWfyGfTZ0vg
Aaron DeBoer,https://www.youtube.com/channel/UCI8FQkQ-Iv73GZcsJ-6pNWw
ABCSongs,https://www.youtube.com/channel/UCKnUxs7vGCudnXOfWTLo4Fg
ALPACO,https://www.youtube.com/channel/UCV7bIallVqxmaFbAMqZpIbg
Animals Rhymes,https://www.youtube.com/channel/UCD5J4ItOaylKUCoOsUEvpTg
Animated Surprise Eggs TV,https://www.youtube.com/channel/UC1C0x6WPqAavZoja1Qga-uw
APPUSERIES,https://www.youtube.com/user/APPUSERIES
Baby Channel,https://www.youtube.com/channel/UCdLRku9E_lKSUN1xo25uy3w
Bắp Bắp Channels,https://www.youtube.com/channel/UCs8PDPGV-SjSjlc2HwvkhSA
Bé Giải Trí,https://www.youtube.com/channel/UCJiKXWLfFPH3LypryK3BQew
Best Fun Games for Kids to Play HD,https://www.youtube.com/channel/UC7ghww4GTO2uovNRdO36jFA
Bibabibo KidsTV,https://www.youtube.com/channel/UCW9xPTH1Ei97Dd5qtO8ENQw
BillionSurpriseToys - Nursery Rhymes & Songs,https://www.youtube.com/channel/UCRx3mKNUdl8QE06nEug7p6Q
BirthdayCandyLand,https://www.youtube.com/channel/UCmUJ2usJiEz1FA1WhgVg6lA
Blippi,https://www.youtube.com/channel/UC5PYHgAzJ1wLEidB58SK6Xw
Blippi Toys,https://www.youtube.com/channel/UC-Gm4EN7nNNR3k67J8ywF4g
Oggy Toby,https://www.youtube.com/channel/UCL6ASp62HDA5d3KYjF6kfDQ
Blu Toys Club Surprise,https://www.youtube.com/channel/UC7nGdI1YVbdj0lBqEeg8KxQ
Bounce Patrol Kids,https://www.youtube.com/channel/UC56cowXhoqRWHeqfSJkIQaA/videos
Busy Beavers - Kids Learn ABCs 123s & More,https://www.youtube.com/user/wearebusybeavers
CARS 4 KIDS,https://www.youtube.com/channel/UCrqibU7I1_b1M06OLieE-Rw
KQ Kids,https://www.youtube.com/channel/UCa8bqAIXCJPKTf4I0TRskOQ
ChildrenNurseryRhymes,https://www.youtube.com/channel/UC66D92nl_IcOq9q70h0x7xQ
Chim Xinh Channel,https://www.youtube.com/channel/UCfbLbMIfoy4Oq8Sj5HNzY7Q
Colors Club for Kids,https://www.youtube.com/channel/UCRceut5ALLoET1wYfSzPaqg
Come And Play,https://www.youtube.com/channel/UCMYCx114VbdhQtU_Tz9dndA
DauTay's Channel,https://www.youtube.com/channel/UCZopoA0XAHWmuyD9tIWsrPA
Sandaroo Kids [DisneyCarToys],https://www.youtube.com/user/DisneyCarToys
Dream English Kids,https://www.youtube.com/DreamEnglishKids
DreamWorksTV,https://www.youtube.com/channel/UCY26xU0-avwTJ6F6TzUZVEw
dRuLii TV for Kids,https://www.youtube.com/channel/UCUEnFHassdXCtc8AU80qWLA
Ema&Eric Giant Surprise,https://www.youtube.com/channel/UCdlf4s-ckOfSE-tTBeMBITg
Emily Tube,https://www.youtube.com/channel/UC-0D1RlSzcvBoODCKSoLl2g
Evan Kids,https://www.youtube.com/channel/UCUI8XDywSfFSYBLqNS79QKQ
Family Fun Pack,https://www.youtube.com/user/familyfunpack
Family Playlab,https://www.youtube.com/channel/UCyWkpcB25Hr2oN7uRlsNg5g
Fun Toys 4 Kids YouTubeGB,https://www.youtube.com/channel/UCN8bXaJv322n3K_P-NXtMTw/videos
Funny Tom,https://www.youtube.com/channel/UC8pKeUJt-6jT30FKBgQzCpQ
FUNNY TOONS,https://www.youtube.com/channel/UC2p6VaUJuqkT_enILbnwtJA
FUNTASTIC Playhouse,https://www.youtube.com/channel/UCSLIJTwAKRhlSlIvhbpHPuQ
Genevieve's Playhouse - Toy Learning for Kids,https://www.youtube.com/channel/UCK5Q72Uyo73uRPk8PmM2A3w
Giải Trí Thiếu Nhi Vui Nhộn,https://www.youtube.com/channel/UC3aIMORCOMGlb1yz62niP5Q
Gummy kid - Finger Family Song,https://www.youtube.com/channel/UCpylgD3xnAraShIq2kS7lJw/featured
Hai kiddy Tv,https://www.youtube.com/channel/UCxF8AbMOMaTuuzGFWbpRQSA
Hi-5 World,https://www.youtube.com/channel/UCdVou-K8PKJIHPbqM3CzmAA
HoangBach TV,https://www.youtube.com/channel/UCScqLJPmur451W0duOjubiw
HooplaKidz - Official Nursery Rhymes Channel,https://www.youtube.com/channel/UC3djj8jS0370cu_ghKs_Ong
HooplaKidz TV - Funny Cartoons For Children,https://www.youtube.com/channel/UCMfZ_z0LUm805JOZLktl2QQ/discussion?lc=Ugiv7y0aD-R_23gCoAEC
Imran's Toy Reviews,https://www.youtube.com/channel/UCVitMxMDE1s_Si85Gw0Y19g
INGRID SURPRISE Songs & Nursery Rhymes,https://www.youtube.com/channel/UCHwV_gtgF1wJWOGiZS68E_Q
KC Toys ,https://www.youtube.com/channel/UC54gPkG3GEwFNDxxueq5__A
Kênh Siêu Nhân Tổng Hợp,https://www.youtube.com/channel/UCxaElxTybDYb05r-q1jwu1w
Kica Kids TV,https://www.youtube.com/channel/UCKO19yF-1mobWkq3eNFbSoQ/about
KiddieToysReview,https://www.youtube.com/channel/UCsJR_Ni7Qo6jNLHi6IIB1mQ
Kids 3D Rhymes,https://www.youtube.com/channel/UCHSnzMeCGtVOjenB1Grnn5Q
Kids Channel,https://www.youtube.com/channel/UCKk5LJTOFSopesMib_CElpQ
Kids Games & Surprise Toys,https://www.youtube.com/channel/UCfFzNEYxqsSGoiw1ojgEhjw
Kids Learning Cartoons,https://www.youtube.com/channel/UCvzPPaitFkyuJIrDv1NUBVw
Kids Monster,https://www.youtube.com/channel/UC1vmrEuIxO2Fv7VuTO4sRMA
Kids Songs,https://www.youtube.com/channel/UCcULDB4sHHcqSx6lunhf2xQ
KIDS TOYS CHANNEL,https://www.youtube.com/channel/UC2u5PyO4n-hm11hGbLvqZrg
Kids TV Surprise,https://www.youtube.com/channel/UCpwOwri-jcVCf5R9IvppTaA
KIDS Z FUN,https://www.youtube.com/channel/UCd0LDvAHo4wlXHB7sO8RtCA
KidsBabybus HD,https://www.youtube.com/channel/UCUJz3Kx_UkivcPzdAmcFAPg
KidsCrazyRhymes,https://www.youtube.com/channel/UCaovF-db24AtRV6kgdL-0-A
Kiến Vinh,https://www.youtube.com/channel/UCvpU6txttf92G-glhbOSZOA/featured
Lina's Kids Station,https://www.youtube.com/channel/UCaXn1uZ6ktc0_HthkBct_Vg
Little Baby Beavers,https://www.youtube.com/channel/UCHFIHCY9YgGLBfeZuxkRHLQ
Lookus English,https://www.youtube.com/channel/UCZezJpMQZG79fVuEvnR5KRA
LEARN COLORS FOR KIDS,https://www.youtube.com/channel/UCWzQ5i7blwuqI9RaOnV9uTQ
Masha and The Bear,https://www.youtube.com/channel/UCu59yAFE8fM0sVNTipR4edw
Media For Kids,https://www.youtube.com/channel/UCbNZY79eIh9S2tfllaMLwoA
Mega Kids Tv,https://www.youtube.com/channel/UCej8z9NGaA9Hdd8k5hueXKw
Mother Goose Club,https://www.youtube.com/user/MotherGooseClub/featured
Mother Goose Club Playhouse,https://www.youtube.com/channel/UC6zPzUJo8hu-5TzUk8IEC2Q
Mr Dung,https://www.youtube.com/channel/UC9bMCNrzsC6dGvXLbSym3Rw
Muffin Songs,https://www.youtube.com/muffinsongs
mymillionTV,https://www.youtube.com/channel/UCcBWiuui6uxVqUBfrgZK8tg
Nhạc Thiếu Nhi,https://www.youtube.com/channel/UCfDzxaLWY9awIQGw3Ti9QyQ
Nhạc Thiếu Nhi Hay Cho Bé,https://www.youtube.com/user/nhacthieunhihaychobe/featured
Nhạc Thiếu Nhi TV,https://www.youtube.com/channel/UCDdiS9zf-_6xoSX707YLxag
Những chiếc xe hơi và xe tải – phim hoạt hình dành cho thiếu nhi,https://www.youtube.com/channel/UCAy_wz-1jqMj37JHIR_bhmA
Nữ Hoàng Elsa,https://www.youtube.com/channel/UCb0QSdC0FthlC41wxW1rjfg
Nursery Rhymes,https://www.youtube.com/channel/UCt_R1IepXC96YLActlKhVoA
Nursery Rhymes For Kids,https://www.youtube.com/channel/UCJ4EEp5mSEo5GQIx3OIhD7g
Phim Siêu Nhân Nhật Bản,https://www.youtube.com/channel/UCTYLiWFZy8xtPwxFwX9rV7Q
Pinkfong! Kids' Songs & Stories,https://www.youtube.com/channel/UCcdwLMPsaU2ezNSJU1nFoBQ
PlayFunTV,https://www.youtube.com/channel/UCq8I2Fo8DZi4C357eF_9qqg
Playground for kids,https://www.youtube.com/channel/UC7wsSj9925qf5EpfMxHEmKw
Pocket Preschool,https://www.youtube.com/channel/UCF5spd04H6MEj-3Uvs2umZA
Popular Nursery Rhymes,https://www.youtube.com/channel/UCMF68e9w3RrDv3CZLZMurUw
PT Toys Channel,https://www.youtube.com/channel/UCrXmqlY6z4QSPdc7AeTR3Dg
RoBo TV,https://www.youtube.com/channel/UCaM0VsiQo-8O57qeI1jzyJg
Roggerofamily,https://www.youtube.com/channel/UCWorpwSH202vOg_uUig3f2g
Shaun the Sheep [ViệtNam],https://www.youtube.com/channel/UCAisR_sHnsJGDUQNZNJ8AyQ
Sparkle Spice,https://www.youtube.com/channel/UCsRW8ikkc-uISUXtNKBfFcw
SR Toys Collection,https://www.youtube.com/channel/UCFVWgnyVpfvjFOjVz-sSXMw
Super Simple Songs - Kids Songs,https://www.youtube.com/user/SuperSimpleSongs
Surprise Collector & Sunshine,https://www.youtube.com/channel/UCguSJd1OunAAolkzM0itQ2g
Funny Stop Motion videos,https://www.youtube.com/channel/UCXLw_h6bFfPOKbDJXDUjA-Q
Teddy TV - Nursery Rhymes & Kids Songs,https://www.youtube.com/channel/UCBZGEKKK4tmpjOBkMVwKheA
Tayo the Little Bus,https://www.youtube.com/channel/UC9CsZoTaHZqZjnNZv7v3T1g
The Official Gummibär Channel,https://www.youtube.com/channel/UCyKa1YNZLio6XfjMR7fw45Q/videos
Toli Tv,https://www.youtube.com/channel/UCkH5h1bg3_oUiKFnLA1r7Ug
Kids Aria Show,https://www.youtube.com/channel/UCOT_ALe8L9KmskspETW9W1w
Toy Kingdom TV,https://www.youtube.com/channel/UCUcCRBDH4vR5j1AvvlsVraw
ToyLabTV,https://www.youtube.com/user/ToyLabTV/featured
ToyMonster,https://www.youtube.com/channel/UCLGOpkME9pyo3gDzWWrJwqA
Toys Make Me Smile,https://www.youtube.com/channel/UCv5I8kinKQT_cBxhsscnlWQ
Trang Thư Official,https://www.youtube.com/channel/UC_A-SZtdz6_crpNGYkOctGA
TuTiTuTV,https://www.youtube.com/user/tutitutv/featured
Colors for Kids,https://www.youtube.com/channel/UCLUe2jr4IMSM1sRZp1GkcvQ
Videogyan Kids Shows - Cartoon Animation For Kids,https://www.youtube.com/channel/UCCc1DMB-AcOssKJ7KweLXBg
Vina Cartoon,https://www.youtube.com/channel/UCqan59B0AOEwggMWgezrNbg
Votra KidsTV,https://www.youtube.com/channel/UCK0GYOSPR_i_3yHsIfF8fGA
Vui Choi Voi Be,https://www.youtube.com/channel/UCvnbqjktx6xtfwP1uZbsplA/featured
WOW ENGLISH TV,https://www.youtube.com/channel/UCx1xhxQyzR4TT6PmXO0khbQ
Zing KIDS,https://www.youtube.com/channel/UCVYERg64Gj2gs7a7vNu2UdA/featured
Pic Poc WORLD - THẾ GIỚI CỦA BÉ,https://www.youtube.com/channel/UCs_zf9EwhzmXsLl51Mj7TIA
Zouzounia TV,https://www.youtube.com/user/ZouzouniaTV
BẾP VIỆT 24,www.youtube.com/channel/UC0DOvOhU0CLusw560aQkrUg
Cakes StepByStep,www.youtube.com/channel/UCjA7GKp_yxbtw896DCpLHmQ
chanh chua,www.youtube.com/channel/UCUrpvkDvSwlHWIou60JlteA
ChiChi Nguyen,www.youtube.com/channel/UCsis5bfaz7Fx-ZADKYDYX6w
CHUẨN CƠM MẸ NẤU,www.youtube.com/channel/UC2HMxPq9PCeMr0dSm8zTyNQ
Clifton Chilli Club,https://www.youtube.com/user/CliftonChilliClub
DIEN QUAN Food & Lifestyle/ Ẩm thực & Cuộc sống.,www.youtube.com/channel/UCF81Px1sy2hXbM36_YhhoYg
JunkFoodTasterDotCom,https://www.youtube.com/user/JunkFoodTasterDotCom
Giác Minh,www.youtube.com/channel/UCbJN-eTJSS3co2SyxoflXQg
Handmade VN,www.youtube.com/channel/UCjlYvL2kOcMMIUcQxSFAMXg
Helen's Recipes (Vietnamese Food),https://www.youtube.com/channel/UCMmZEL8jV1B61NKAXcyW87A
honeykki 꿀키,www.youtube.com/channel/UCvQPUPoMK0Smj-OHeUe9SEw
LudaEasyCook Позитивная Кухня Food Travel Channel,www.youtube.com/channel/UCwZ6TJuh2PsR83k5PkkQx4A
Mark Wiens,www.youtube.com/channel/UCyEd6QBSgat5kkC6svyjudA
Maxu Cupcake Kitchen,www.youtube.com/channel/UCSQH7wWGQYX9BeNqVS-ijUA
Món Ăn Ngon,www.youtube.com/channel/UCr-xBeF_obqaf1X_1to9DxQ
Miền Trung Quê Tôi,www.youtube.com/channel/UCGc-456rtXU_E_X-zR7Tvtw
MosoGourmet 妄想グルメ,https://www.youtube.com/user/mosogourmet
VietEvent Entertainment,https://www.youtube.com/channel/UCho-jixa8DsD98xI-DEddqQ
NHÓM CƠM HẾN,www.youtube.com/channel/UCJbd9vVOW3NTlmaWp4blolQ
Oanh Ngô Ngọc,www.youtube.com/channel/UC3brn4ZDyDYpQppb-GuMN8g
Rosanna Pansino,https://www.youtube.com/user/RosannaPansino
Savoury Days Kitchen,https://www.youtube.com/user/savourydayscom
HOA BAN FOOD,https://www.youtube.com/user/HoaBanFood
Tasty,https://www.youtube.com/channel/UCJFp8uSYCjXOMnkUyb3CQ3Q
Just One Cookbook,https://www.youtube.com/user/justonecookbook
Seonkyoung Longest,https://www.youtube.com/user/SeonkyoungLongest
Future Neighbor,https://www.youtube.com/channel/UC-SmuIHMG2HPDFUOBRu5LnA
Maangchi,https://www.youtube.com/user/Maangchi
Cooking with Dog,https://www.youtube.com/user/cookingwithdog
Ngon !,https://www.youtube.com/channel/UCh_KBhE_34BVQEuPYSyU_Pg
Travel On Video,https://www.youtube.com/channel/UCEbKnqVOlt4DMW1ZtzwxJYw
Trí Phạm,https://www.youtube.com/channel/UC2ar-mOcIxcjYZirvM1aFAg
스윗더미 . Sweet The MI,www.youtube.com/channel/UCW3Zwj1ntR4I8OxEJvTM5XA
Annoying Orange,www.youtube.com/channel/UCi-5OZ2tYuwMLIcEyOsbdRA
blueoceanmusiconline [Official],www.youtube.com/channel/UCbB3BSFs0KtFlPzUg4omkBw
Channel Việt,www.youtube.com/channel/UC_CE2MY864vI4K3_MBx79sQ
Chuồn Chuồn Cánh Sen,www.youtube.com/channel/UCjqw2Va6258jFVJkXOmGUXA
Comedy Asia Channel,www.youtube.com/channel/UCPBPEk5D2V7TWM76f3kBLNw
CoolestClips,www.youtube.com/channel/UCU8PFISdwVu66Zg4cyVbzsw
DIEN QUAN Comedy / Hài,www.youtube.com/channel/UCwmurIyZ6FHyVPtKppe_2_A
Don Nguyen,www.youtube.com/channel/UCglpSRErTM47WSp1yi6Rrpw
Duy Khiêm Ngô',www.youtube.com/channel/UCj53JI903E_1qZ3Y4ls6D8g
TheGameAccess,www.youtube.com/channel/UC6BAQLqymtpI8azcVOL70sw
Hot Scense Football,www.youtube.com/channel/UC1FjwlP-YzdUORaLmy2CQng
Hãng Phim Chánh Phương,www.youtube.com/channel/UC5xqlOS6hezKFD-dyergmbA
Clip Giải Trí,www.youtube.com/channel/UC-khisrGj1777CDwnGegLMQ
Kênh TodayTV,www.youtube.com/channel/UCqDfu0gtB0aJCy4jIHL_6bQ
KinoCheck International,www.youtube.com/channel/UCLRlryMfL8ffxzrtqv0_k_w
Life Awesome,www.youtube.com/channel/UCc2wpI97rT7TZGkhnylYgDA
Movieclips,www.youtube.com/channel/UC3gNmTGu-TTbFPpfSs5kNkg
Movieclips Trailers,www.youtube.com/channel/UCi8e0iOVk1fEOogdfu4YgfA
Nhật Anh Trắng,www.youtube.com/channel/UCRU671VLwdmt3StKNZS0rIw
Tam Quốc Diễn Nghĩa 1996 - Thuyết Minh VTV,www.youtube.com/channel/UCpT0HEi5XC20tUndfzu0mZw
THVL Phim,www.youtube.com/channel/UCrS7tv883mVqv07HKgVuwAA
Top Sao Hoa,www.youtube.com/channel/UC-7r1eU68o6cHgUQ5rjvXAg
ACV Music,www.youtube.com/channel/UChm9JDLV6b3bDDTgxjHZ63A
Ch3Thailand,www.youtube.com/channel/UC48h7Dst_hX82HxOf3xJw_w
Việt Hương,www.youtube.com/channel/UC0gOo0Kb5B9zOIvIh8qcQdA
Vợ Chồng Son,www.youtube.com/channel/UCmI1TElnQTFaN-_viLMSezw
VReviewVN,www.youtube.com/channel/UCRN_mDEjRBz4EqVJtibnrIQ
HOA DƯƠNG TV,www.youtube.com/channel/UCVM7soBtqXNoVUWoJwy4XsQ
Zee Music Company,https://www.youtube.com/user/zeemusiccompany
1MILLION Dance Studio,www.youtube.com/channel/UCw8ZhLPdQ0u_Y-TLKd61hGA
1theK (원더케이),www.youtube.com/channel/UCweOkPb1wVVH0Q0Tlj4a5Pw
365daband,www.youtube.com/channel/UC_0QkpkqViVlimLt4sJ8-0Q
AdeleVEVO,www.youtube.com/channel/UComP_epzeKzvBX156r6pm1Q
Alan Walker,www.youtube.com/channel/UCJrOtniJ0-NWz37R30urifQ
Anh Thơ Official,www.youtube.com/channel/UCNH5_uklJlQnezV7R70JPJA
Anthony Vo,www.youtube.com/channel/UC1tjgkJKxg_yDlrN1_l6_Kg
Asia Entertainment Official,www.youtube.com/channel/UCkHASsLOHuddMTzARove3AA
AviciiOfficialVEVO,www.youtube.com/channel/UC1SqP7_RfOC9Jf9L_GRHANg
Bằng Cường Official,www.youtube.com/channel/UCKRLY9PzqtA7KnbbWo_oFxg
PANA,https://www.youtube.com/channel/UCAE2Fi67TNwY7sDHAPcA3Jw
BICH PHUONG,www.youtube.com/channel/UC90LfbAFYhRLh86Qd-Fs4zg
BIGBANG,www.youtube.com/channel/UCzw-C7fNfs018R1FzIKnlaA
bimm,www.youtube.com/channel/UC71pPpWZUmtxhlKKDrcx0sA
BLACKPINK,www.youtube.com/channel/UCOmHUn--16B90oW2L6FRR3A
Ca Nhạc Tuyển Chọn,www.youtube.com/channel/UCkY3WDvhLWJ9Tv3CjVHD4RA
Ca Sĩ Diệu Thắm,www.youtube.com/channel/UCwmv31mM3KpC3i6I3ymlcSA
CalvinHarrisVEVO,www.youtube.com/channel/UCaHNFIob5Ixv74f5on3lvIw
Cao Hiếu Minh,www.youtube.com/channel/UCGDfdJ0yZIwimfBtPUeukcQ
ChainsmokersVEVO,https://www.youtube.com/user/ChainsmokersVEVO
Charlie Puth,www.youtube.com/channel/UCwppdrjsBPAZg5_cUwQjfMQ
Stone Music Entertainment,https://www.youtube.com/user/CJENMMUSIC
Đàm Vĩnh Hưng,www.youtube.com/channel/UCCokp1i9n_aue7zTjGoBJRQ
Đào Anh Thư,www.youtube.com/channel/UCh_PsuKN0pjuVYk2CQ46qiw
David Guetta,www.youtube.com/channel/UC1l7wYrva1qCH-wgqcHaaRg
Đen Vâu Official,www.youtube.com/channel/UCWu91J5KWEj1bQhCBuGeJxw
DIEN QUAN Kids,www.youtube.com/channel/UCNGs9HfpAkghyB1jAfw6-UA
Dương Hồng Loan Official {Kim Minh},www.youtube.com/channel/UC7Th3bjkZnSsPDuFWa1zxSQ
Dương Ngọc Thái Official,www.youtube.com/channel/UC8ZETUoA9519Hn0tw8JKJ7g
DUY MẠNH OFFICIAL,www.youtube.com/channel/UCE21y9cs7yFX7gHJDrNX4ow
EllieGouldingVEVO,www.youtube.com/channel/UCvu362oukLMN1miydXcLxGg
FifthHarmonyVEVO,www.youtube.com/channel/UC09d82usokACH1z5YeKnfiA
G5R Squad,www.youtube.com/channel/UCqamjdcGALEjPreSrxwK9IQ
Gala Nhạc Việt,www.youtube.com/channel/UC8MC0KhiRcvBsMkcjmDf4mg
Giọng Hát Việt / The Voice Vietnam,www.youtube.com/channel/UChi7ZkzGovVqYNEbetu6MQA
Gmc Music,www.youtube.com/channel/UCUE5Rq3cl3rUQIjQQdiFcuw
Guitar Classic,www.youtube.com/channel/UCvE_03SkYjkovApE4O9AjBg
Hà Anh Tuấn,www.youtube.com/channel/UCV7qWy2FoFZ4v4p1x_R-n3Q
Hari Won,www.youtube.com/channel/UC7EzhxEvDQXWxYaxV95qfnA
Ho Ngoc Ha's Official Channel,www.youtube.com/channel/UCNgCserSzcAWFOY-7_f3iug
Hồ Quang Hiếu TV,www.youtube.com/channel/UCLTHu3eSIe2Fp21v3mWnZAA
Hoaprox Official,www.youtube.com/channel/UCPhGL_7h4RVGb7jqKDVeHdQ
Hồng Ân Entertainment,www.youtube.com/channel/UCFtat3KL0Z29ATKiYVrnBxw
HOT VPOP,www.youtube.com/channel/UCqiZr6eKjo6BX_eXuKCnJWw
ibighit,www.youtube.com/channel/UC3IZKseVpdzPSBaWxBxundA
Jang Mi,www.youtube.com/channel/UCyC-NmxIV7T3FA2GoSt5FKQ
Jen Hoang,www.youtube.com/channel/UCrVzQ1pLTg5_o807SIADtFA
JFlaMusic,www.youtube.com/channel/UClkRzsdvg7_RKVhwDwiDZOA
JustinBieberVEVO,www.youtube.com/channel/UCHkj014U2CQ2Nv0UZeYpE_A
jypentertainment,www.youtube.com/channel/UCaO6TYtlC8U5ttz62hTrZgg
KatyPerryVEVO,www.youtube.com/channel/UC-8Q-hLdECwQmaWNwXitYDw
KaWaiiBi [V] Music,www.youtube.com/channel/UCDCxN9cb-nYf3uVwSXnhw_g
Khắc Việt,www.youtube.com/channel/UCPr94gEP09WeEHl6z8KMtQw
Kim Ny Ngoc Music,www.youtube.com/channel/UCVMWC9-yUqrgqixarsbDYKQ
Lãng Mạn Music,www.youtube.com/channel/UC6cGIi6LEFAnEKAxyvYcVoA
Linh Hee Official,www.youtube.com/channel/UCkz81UAdelm0Oz0_t5evDJA
Loren You,www.youtube.com/channel/UC4U5sgzTIvqw4sIHg1F_tdQ
Ly Hai Production,www.youtube.com/channel/UCzW7xOxoAKYqhqFW-2htI0g
Maroon5VEVO,https://www.youtube.com/user/Maroon5VEVO
Màu Thời Gian,www.youtube.com/channel/UC9_-oQfbiH7eLNiB0F17vDg
Mnet K-POP,www.youtube.com/channel/UCbD8EppRX3ZwJSou-TVo90A
Mnet Official,www.youtube.com/channel/UCepUWUpH45hRTi-QePdq1Bg
Mr. Siro,www.youtube.com/channel/UCh-A27eKaTrPM_gkfIw_-mA
Music Trữ Tình,www.youtube.com/channel/UCwcIKSxAHIyCrLPW-eKnO3g
My Tam,www.youtube.com/channel/UCmgGhZ_OMFGRn5cbfd4Svrw
Nam Việt Bolero,www.youtube.com/channel/UCYp9rBWMqFyh43RseUJYSIw
Nam Việt Music,www.youtube.com/channel/UCprG5uvgUVRN5r6F8EW30nA
Nam Việt Muzik,www.youtube.com/channel/UCbpnKBLXllcDhkACf0Z0ASQ
Nam Viet Bolero,www.youtube.com/channel/UCaPcemDgLgWlm-cc_lF0Vgw
TAS BROCCOLEE,www.youtube.com/channel/UCpsXRs8ZlK-nBRj05CmLSgg
Nhạc Bolero,www.youtube.com/channel/UC_pCCPiOsh16AxVrtIeUFkQ
Nhac DJ,www.youtube.com/channel/UCbIkA1WElXCdmn8VdgWmzyw
Nhạc DJ vn,www.youtube.com/channel/UCtqazoDOsBw6GzyV6hR_MNg
Nhạc Hay Mới Nhất,www.youtube.com/channel/UCnkJxQZPsZ5O6ygcsZijnzg
Music For Life,www.youtube.com/channel/UCQ6V0muMKzkJGJDx_2rfAUA
Deejay Bon,www.youtube.com/channel/UCqLhZGUvXo5SLGhRpO073nA
Nhạc Sống Phố Núi,www.youtube.com/channel/UCuENNuEaEaj_cGrz-wfsxsw
Nhạc Trữ Tình 2017,www.youtube.com/channel/UCS3b9xGv8X_iOp7exrmtVVg
NHẠC TRỮ TÌNH CHỌN LỌC,www.youtube.com/channel/UCin1wkxfjrJIZ-J0Nyf4Deg
Tình Ca Hải Ngoại ,www.youtube.com/channel/UCKCF7hDAm5YNj_pdgHvFIng
NhacPro Tube,www.youtube.com/channel/UCBZjBKNMZoFih4ubdiIDWLw
NhacPro Tuyển Chọn,www.youtube.com/channel/UCIlseOy3hwYomJL5O34X_mQ
NoCopyrightSounds,www.youtube.com/channel/UC_aEa8K-EOJ3D6gOs7HcyNg
Noo Phước Thịnh,www.youtube.com/channel/UC7tPk1F9H5e2vGUmTDlz9nQ
OneRepublicVEVO,www.youtube.com/channel/UCQ5kHOKpF3-1_UCKaqXARRg
Phạm Trưởng Official,www.youtube.com/channel/UClSqehW3l7yUu-M_SxdRttQ
Quang Lê Entertainment,www.youtube.com/channel/UC1b2o79claxxhcLTyaoYpWA
Remix vn,www.youtube.com/channel/UCZWT-qw_66vviHQSUVamPGg
ShawnMendesVEVO,www.youtube.com/channel/UC4-TgOSMJHn-LtY4zCzbQhw
Siêu Thị Nhạc Vàng,www.youtube.com/channel/UC8R4KHDKCMh6xZjYmRMxDEA
SKY Music - Bolero,www.youtube.com/channel/UCddGOcCVTtjY240yyEG2p_g
SMTOWN,www.youtube.com/channel/UCEf_Bc-KVd7onSeifS3py9g
Sói UG,www.youtube.com/channel/UC-E-RFzzgFxCUVPcNugYj4w
Sơn Tùng M-TP Official,www.youtube.com/channel/UClyA28-01x4z60eWQ2kiNbA
Soobin Hoàng Sơn Official,www.youtube.com/channel/UCpVvunMbMvVj9DgCiOSBdcg
SpaceSpeakers,www.youtube.com/channel/UCOWm9GI64rpikvexym1QSTA
Spinnin' Records,www.youtube.com/channel/UCpDJl2EmP7Oh90Vylx0dZtA
St.319 Entertainment,www.youtube.com/channel/UCSnVteUNlhr1SqCjTQx0PDQ
T-Series,www.youtube.com/channel/UCq-Fj5jknLsUf-MWSy4_brA
Legend Of Legends,www.youtube.com/channel/UC_16FEZlF4q8IYOpBprabiA
TaylorSwiftVEVO,www.youtube.com/channel/UCANLZYMidaCbLQFWXBC95Jg
Thảo Phạm (Su Móm),www.youtube.com/channel/UC9-69wUzbUnVNvvqHt5wNiQ
THE MEN,www.youtube.com/channel/UCpRjAzIX9BDYv4ISRpOs4QA
Thích Nghe Nhạc Sống,www.youtube.com/channel/UCfeYPkKuC5dW4qqxr4Vm6gw
Sen Vang Kids,www.youtube.com/channel/UCIoVmIUMCIGGJQw66EMtSrA
Tien Cookie,www.youtube.com/channel/UCMfrkPs1AWGAGjy1dyps4NA
Tiên Tiên,www.youtube.com/channel/UCRqiZt6CftrzEcnvwGVhDfQ
Tống Gia Vỹ,www.youtube.com/channel/UCrd65OZFdyF5bEQWQuU83Vw
DADO MUSIC,https://www.youtube.com/channel/UCOPm9e6EQHB6iKhLG1Ecu3g
X Music - Bolero,https://www.youtube.com/channel/UCn8anNKxbjF7QV0iVSJJb_g
Mỹ Linh,https://www.youtube.com/user/casimylinh
Châu Khải Phong,https://www.youtube.com/channel/UCoISHZnrIOn4SunyqjrRt4w
MAI TIẾN DŨNG [OFFICIAL CHANNEL],https://www.youtube.com/channel/UCwRbNdY2ipKp9MU_BpbTjeQ
Trịnh Đình Quang Official,www.youtube.com/channel/UCoAhcU_VbG5fXQfwBKThjyQ
Trọng Tấn Official,www.youtube.com/channel/UCy1p6wMD3sXCfHe_c3BoHpg
Trữ Tình Tuyển Chọn,www.youtube.com/channel/UCqAsR8ZoMXCTk2xyedxDH7w
Trúc Nhân,www.youtube.com/channel/UC9c3qUdRWmMic4-5yTjvCNA
TƯ MUZIK,www.youtube.com/channel/UCG7FOkm8AtU19c9L3OZotxQ
Tuấn Hưng,www.youtube.com/channel/UCeRu0iIRrZyNpUSEVMaZGow
Tuyệt Phẩm Bolero,www.youtube.com/channel/UCwzGPcguG4Lwa76Aib7EnyA
Underground V-Rap,www.youtube.com/channel/UCq0mSKeROvWfBZxucSPYC_Q
ViCi Karaoke Online,www.youtube.com/channel/UCf_5B_5wZWfM4iZnxQQRJIQ
ViCi Karaoke Online 1,www.youtube.com/channel/UCL1DMUNMm6_G6LPblb9j3uQ
VIVA Music,www.youtube.com/channel/UCZq4u4hadohQDXO6ra8aubQ
VMC MUSIC,www.youtube.com/channel/UCBLzn1QEMWCSsa4zPnZUVJw
VMG Music,www.youtube.com/channel/UCK8hdkRHLOhDW5wBJxqhVQw
Võ Hoàng Entertainment,www.youtube.com/channel/UCy-bFlbdxHue-l01Z82VP3Q
Vũ Cát Tường,www.youtube.com/channel/UCNQ8-stqtL73X53HAj7iEWg
Vũ Duy Khánh Official,www.youtube.com/channel/UCCzLzbpCzG2RJQFKtFcRQwA
YEAH1 MUSIC,www.youtube.com/channel/UCI2OiZs5aVcyBUBVsgovzng
Zing MP3,www.youtube.com/channel/UCyAojDE5b7HoWX6rzYUn5Mg
DIEN QUAN Entertainment / Giải Trí,www.youtube.com/channel/UCA3GtNtuKvcj6VrwZ5Gpx9g
POPS MUSIC,www.youtube.com/channel/UCUgXK2UjZ8G_EM438aYkGrw
Phim Hài Hay - Phim Hài Việt,www.youtube.com/channel/UCJtEP0GoT7Xndn3LZKrgVxA
FAP TV,www.youtube.com/channel/UC0jDoh3tVXCaqJ6oTve8ebA
POPS Kids,www.youtube.com/channel/UC5ezaYrzZpyItPSRG27MLpg
Thơ Nguyễn,www.youtube.com/channel/UCSJsjCiTl2lourZXnigVCoA
Song Vang Production,www.youtube.com/channel/UCe4eCnQjM3BL-JUSYw2_tEQ
Thuy Nga,www.youtube.com/channel/UC7nMrW3baKp0dA5Tz9ulVYQ
VETV7 ESPORTS,www.youtube.com/channel/UCXF4WjTCUQSmGapnNEZzbYw
Vietnam Esports TV,www.youtube.com/channel/UCHKuLpFy9q8XDp0i9WNHkDw
Nam Việt Bolero,www.youtube.com/channel/UCaPcemDgLgWlm-cc_lF0Vgw
VTV - SUNRISE,www.youtube.com/channel/UCGk3yw5k_xQUS_KSDCC6Nhw
meWOW,www.youtube.com/channel/UCWpTdmxuARhA52lleGXfjdQ
VnKids,www.youtube.com/channel/UC9-bW1-aXpLxJiSvFxtVt7A
CreativeKids,www.youtube.com/channel/UC8nEg6dPxjzImSask77-rNA
YEAH1TV,www.youtube.com/channel/UCxVbAgOxi2HtYFmptzvILrA
Oops Banana,www.youtube.com/channel/UCuygBqDmC3r93ABO6BUMj6A
Hãng Phim Hoạt Hình Việt Nam,www.youtube.com/channel/UCBT4QCFgFwQM5o-iMK9FOpA
ToyScouter,www.youtube.com/channel/UCkK0XNKXOvFkH66AS6jrCCg
AnAn ToysReview TV,www.youtube.com/channel/UCIl8mU7DwcDZVgsVPbQ5U8A
Chị Bí Đỏ,www.youtube.com/channel/UCqb_uayigb9Wn-nNTf3i7Gw
SONG THƯ CHANNEL,www.youtube.com/channel/UCAbAQ132NJKuqK8sInVzTEw
5Plus Online,www.youtube.com/channel/UCFIDd6HoHgWHBiOEJQcOrCQ
Zombie V4 [ Tiến Xinh Trai ],www.youtube.com/channel/UCShzY_Zghxhkdkh5nSWyBVg
CulyTV,www.youtube.com/channel/UCqzkA8lYHJJp3g5VoRT4_pQ
Winx Club Việt Nam,www.youtube.com/channel/UC4mj9DPbbwHyowyRhqSgdmw
ChuChu TV Nursery Rhymes & Kids Songs,www.youtube.com/channel/UCBnZ16ahKA2DZ_T5W0FPUXg
DONG GIAO Official,www.youtube.com/channel/UCZTjI84dMcWPLMDd7HjzFnA
Nam Việt Comedy,www.youtube.com/channel/UCZOnKo2JsXRX5AGVLa9Jd9w
Jaki Natsumi™,www.youtube.com/channel/UCFznUQrBf4Hr_h6__EQSqUQ
HOA BAN FOOD,www.youtube.com/channel/UCBhgBmuPFbLLxnejr09lnAQ
Chotoonz TV,www.youtube.com/channel/UC7e1XWjOlYy8XlNMeVxeKNg
Stars Peace,www.youtube.com/channel/UCrWxXlG_sdIYkviZtkG9e3Q
BB&BG Entertainment,www.youtube.com/channel/UCASFPrjAPvzvpGrS-tsF5Fw
PHIM CẤP 3,www.youtube.com/channel/UCmTroavJBDcWhwptGyKkERA
KhanhsKG,www.youtube.com/channel/UCLvc4wqOdFLUU9eEpzRy3TQ
KHÓC CƯỜI 24H ĐƯỜNG PHỐ,www.youtube.com/channel/UCWglytL1gn7acfx2kRiw20A
Schannel,www.youtube.com/channel/UC9Pj0EUibBF295jWHRSDJqg
CauBeNguNgo Official,www.youtube.com/channel/UC9Rcjyo32KbPby5TowH0EAQ
CA SĨ GIẤU MẶT - HIDDEN SINGER,www.youtube.com/channel/UCypSwZatPfYjiHzf-wRRxyA
Style Plus,www.youtube.com/channel/UCfVsh8oBK-Sm2IL3uRdH32g
Hãng Phim Lê Bảo Trung,www.youtube.com/channel/UCzs55u5-QlRlicAA0C49CRw
Phim Sắp Ra,www.youtube.com/channel/UCOjHXJD_ZJbh8nsJIuNcxHw
LMHT - LOL - Skin - Montage,www.youtube.com/channel/UC_FrMdP-8nf3tK9YShN0yRw
Dương FG,www.youtube.com/channel/UCk6zjonUuEBj88vpHaj8HlA
Giải trí cho Bé yêu,www.youtube.com/channel/UC4rfTRnYEs9JruBuOsZlYbQ
Group Cast Media,www.youtube.com/channel/UCDVdjLMRfb5m8M2D67GB84A
Phim Bộ Thuyết Minh,www.youtube.com/channel/UCMKrgXTeHnmFHX5sV2_Q-zw
Trắng,www.youtube.com/channel/UCp-yY0F1wgZ1CUnh3upZLBQ
ToyPudding TV,https://www.youtube.com/user/toypudding
Get Movies,https://www.youtube.com/user/getmovies
Loa Phường,www.youtube.com/channel/UCfoouD4880M5_zzKi91v6Rw
Vietnamese Fairy Tales,www.youtube.com/channel/UCYx5ufBOzgnF3uX6Xi_S3sw
Larva TUBA,www.youtube.com/channel/UCph-WGR0oCbJDpaWmNHb5zg
Teach children online,www.youtube.com/channel/UCAUDgo6czmDlAQEnuoNQIHQ
CƯỜI THẢ GA - SUNRISE,www.youtube.com/channel/UCl2WExZkBtIoYzzvQNHMsXA
Đào Anh Thư ,www.youtube.com/channel/UCh_PsuKN0pjuVYk2CQ46qiw
trau cay thue,www.youtube.com/channel/UCHDH6K1teZtjcUb9DsNORgw
Shounen Action Official,www.youtube.com/channel/UCMnMuyOeTS9d_dEv7BA4NoQ
Ryan ToysReview,www.youtube.com/channel/UChGJGhZ9SOOHvBB0Y4DOO_w
VPF Media,www.youtube.com/channel/UCqOmFFbm6NBv_1u9hnIZJmA
Pic Poc WORLD - THẾ GIỚI CỦA BÉ ,www.youtube.com/channel/UCs_zf9EwhzmXsLl51Mj7TIA
SVM TV,www.youtube.com/channel/UCM7FTcrsCU2NpQ7ywJ3vemw
KiA Phạm,www.youtube.com/channel/UCkIindYt0we82auD0YL2V7A
Oops Buron,www.youtube.com/channel/UCSRJbfArr2TtR8Py_SQxk5A
Cải Lương Việt Nam,www.youtube.com/channel/UCHMAQ2ZdU5nr4-h5dO9PRgQ
Morphle TV,www.youtube.com/channel/UC5Ti4_DVp7LW34PjEwB13Xg
Vật Vờ Studio,www.youtube.com/channel/UCEeXA5Tu7n9X5_zkOgGsyww
Official Pink Panther,www.youtube.com/channel/UCFeUyPY6W8qX8w2o6oSiRmw
Videogyan 3D Rhymes - Nursery Rhymes & Kids Songs,www.youtube.com/channel/UCs0upBDG-dCAxy8_VDPE5XA
Bí Mật Vbiz,www.youtube.com/channel/UCwIFt6OHHGb2I6ck5AkLbwQ
Du Thiên Official,www.youtube.com/channel/UCj2PYCNWwAtq78OymnAcJnQ
tienthanh2929,www.youtube.com/channel/UCMaK7tshSmsxyW6BO2Dg6rg
MK Gaming,www.youtube.com/channel/UCOG1I3BvhRCV73oBWmhKAhg
Linh Ngáo,www.youtube.com/channel/UCF4mOooD-0yw03Ee9Lr6vGQ
ViruSs,www.youtube.com/channel/UCIC-BC__0U0lsdi3F1sjIOg
Lucy Channel,www.youtube.com/channel/UCAYj_YGTlcMir_HZxCDNDeQ
ToyMart TV,www.youtube.com/channel/UCbWPYsyJX1-7uvfOw3LkLqw
Speak Production,www.youtube.com/channel/UCq_P0eA-IasiWVnELQu_cjQ
PomPom Toys,www.youtube.com/channel/UCS12iihD_IjkXwpI-ZxYa8Q
Dưa Leo,www.youtube.com/channel/UCpdQX3whRd61cgzjBXISFRQ
Pencilmation,www.youtube.com/channel/UCUAL--p3qAa27luR0IYbjZA
Soạn Giả Mai Văn Lạng,www.youtube.com/channel/UCWncuFWbHgStSmqCfPET9sQ
ythienTV,www.youtube.com/channel/UCvG5r_0vbYLBVGj7Y2Wapew
Hoa hậu hài Thu Trang,www.youtube.com/channel/UCuRvf_pJMBWZQUQ-83A2BDg
Boomerang Vietnam,www.youtube.com/channel/UC1psboQLDVCEOD46RNPZdgg
Trí Phạm,www.youtube.com/channel/UC2ar-mOcIxcjYZirvM1aFAg
Kids TV - Nursery Rhymes And Baby Songs,www.youtube.com/channel/UC7Pq3Ko42YpkCB_Q4E981jw
CKN Toys,www.youtube.com/channel/UCfaZw8XH_zmAVkBst_MPD6w
Vũ Liz,www.youtube.com/channel/UCq-ICTdD_FcX8T5xd8lPlhg
Thế giới VPOP,https://www.youtube.com/channel/UCqiZr6eKjo6BX_eXuKCnJWw
Thái Châu,www.youtube.com/channel/UCp2HlZ2hc50Gla0G_1H90cQ
Đậu Phộng TV,www.youtube.com/channel/UC6Q8f2fK10PLMo4kkiBSCXA
Phan Ann,www.youtube.com/channel/UCgxc7ej6qgINlsNGqHikdag
meFILM,www.youtube.com/channel/UCkFtqcmz3JPpi-VYQjml1Sg
Dave and Ava - Nursery Rhymes and Baby Songs,www.youtube.com/channel/UC6zhI71atP7YLoZyIyCIGNw
Kids Go,www.youtube.com/channel/UC1Rkr2Nxq_MPAaP8JlEpWxg
Biết Tuốt,www.youtube.com/channel/UCC9VPGspEZtH2U4A-6PziMA
Beeble Kids TV,www.youtube.com/channel/UCWpi49ZfrhWN6N4T978uV3w
Khoảnh khắc kỳ diệu SR,www.youtube.com/channel/UCvzfslyP-b2ePbcYfuPj1Ag
Sieu Nhan Game Play,www.youtube.com/channel/UCUgESE4UhoACzKMtFqMPG1g
Kênh Em Bé,www.youtube.com/channel/UCCidvntfs-yeZjEv9oMlfzQ
Baby Nursery Rhymes,www.youtube.com/channel/UChRZS2yZ2TDEO13e3g4zHTQ
Kênh Sáng Tạo .COM,www.youtube.com/channel/UCyhbCnDC6BWUdH8m-RUJHug
KAYA Entertainment,www.youtube.com/channel/UC7QAQuX5DUr-Op5Lvf-JLFQ
Toys AndMe,www.youtube.com/channel/UC6sSkkemzPjmrzS0Y0V_2zw
XE HAY,www.youtube.com/channel/UCL19dahMH6qwXxGXFWAjdVA
Oops Channy,www.youtube.com/channel/UC-tJ52OfXxNyZJhj-dGqMYQ
Sao nhập ngũ - QPVN,www.youtube.com/channel/UCzZ94GZFgqqx6Pzbnj3UMjA
Bé Bào Ngư,www.youtube.com/channel/UCBIcWTNcmxCmfn_FaiodsXw
Bé Phan Hiếu Kiên,www.youtube.com/channel/UCdb3QmyzSVTrjqLwUzkiZ7g
AnhAnhChannel,www.youtube.com/channel/UCPZ9KSCWg-Fgq6I-aFzSE-A
DAM tv,www.youtube.com/channel/UCBNPvdFXpc0XhJ0UG1solTg
CARS 4 KIDS,www.youtube.com/channel/UCrqibU7I1_b1M06OLieE-Rw
MoWo Channel,www.youtube.com/channel/UCORRilBFvR2-ome3VrNF4Eg
OGGY,www.youtube.com/channel/UCNEKMkg_DG8eAyR1BNWsSvw
Twenty Entertainment,www.youtube.com/channel/UCnd7MSg_bM65nZPLSeinciw
HYNAM TV,www.youtube.com/channel/UCXDIgxSd1EJNuCmKsNGZjEA
Phi Nhung,www.youtube.com/channel/UCDnVitNb5mHfbao4C8ORRHw
MISTHY TV,www.youtube.com/channel/UCctVE0w6y1AAwx7ueaN7bhg
Farmees - Nursery Rhymes And Kids Songs,www.youtube.com/channel/UCu9MYfF0vosVcK38oNnnJxw
Vanh Leg,www.youtube.com/channel/UC4Jw36rrtdMdW99PeCtNwxA
Hoang Thuy Linh Official,www.youtube.com/channel/UCMLVQcgkkFsTR7o8_sMt7lQ
ChainsmokersVEVO,www.youtube.com/channel/UCRzzwLpLiUNIs6YOPe33eMg
Vannie In Wonderland,www.youtube.com/channel/UCGBPq6LpnA2mguZVnuKr_yA
TuTiTu Tiếng Việt,www.youtube.com/channel/UCfwIyLt_XYDWrBVXu--X2nQ
Toy Kingdom TV,www.youtube.com/channel/UCUcCRBDH4vR5j1AvvlsVraw
ChuChuTV Surprise Eggs Toys,www.youtube.com/channel/UCKcQ7Jo2VAGHiPMfDwzeRUw
Nguyen Linh - Truy Kích 2.0,www.youtube.com/channel/UC2n-OZ74An9SvqD7GyXgk1g
Toys King,www.youtube.com/channel/UCsIpNBcovgWNOQ_Lge7PnMw
BHGaming,www.youtube.com/channel/UCX4N3DioqqrugFeilxTkSIw
Hãng Phim Phước Sang,www.youtube.com/channel/UCiamN6XxIAXJ6TsBriFoCdg
Changmakeup,www.youtube.com/channel/UC1O0TFY6UMY2RgfrGymiwIw
Tinh tế,www.youtube.com/channel/UCyQobySFx_h9oFwsBV0KGdg
Đài Phát Thanh - Truyền Hình Hậu Giang,www.youtube.com/channel/UCJP6tyq5u7NBtWRHFKVQhTg
FAFILM CHANNEL,www.youtube.com/channel/UCkavC8z_LHw5H531FyFiEfA
Bé Ngọc Ngân,www.youtube.com/channel/UC7DtHcPcp1EczGl4Uw-dn8A
2NGUYỄN entertainment,www.youtube.com/channel/UC-UJCzOd6YgPhw5oOIrivAA
Neo-Saban Power Rangers,www.youtube.com/channel/UCpgxmlXoDtkYzRQ4cJgCT5A
Sen Vang Music,www.youtube.com/channel/UCqtLAMhnNwIb3bvVTmevGtA
Baby Channel,www.youtube.com/channel/UCdLRku9E_lKSUN1xo25uy3w
PewDiePie,www.youtube.com/channel/UC-lHJZR3Gqxm24_Vd_AJ5Yw
NHẠC HỘI SONG CA OFFICIAL,www.youtube.com/channel/UCj0qjsEInkfu0vltJJUZKbw
Sunrise Media,www.youtube.com/channel/UCF3TM1yxDMdFm2p3h11j52Q
F.A CHANNEL,www.youtube.com/channel/UCNgr4g9AqhEWeSKTlyxnrDg
Jerry Gaming,www.youtube.com/channel/UCEzc9HSNLSD4O0YYHVK8iEg
BABY TIME ®,www.youtube.com/channel/UCf7ifWh9wpu8v2LDEtL-qLg
Đỗ Duy Nam,www.youtube.com/channel/UCrZxFYEPtjeVQtnBK0HBgDw
POPS Music - Bolero,www.youtube.com/channel/UCNbN0PXZeHD3gQAqV1dE9mg
JYP엔터테인먼트,https://www.youtube.com/user/jypentertainment
Maroon5VEVO,www.youtube.com/channel/UCN1hnUccO4FD5WfM7ithXaw
Tigerr,www.youtube.com/channel/UC3WY6ywLk1zzsOfUIn32MrQ
GalaxyFilmThienNgan,www.youtube.com/channel/UCq_28uJmbq4tlji7YAMZGtg
TuấnHC TV,www.youtube.com/channel/UCYj2zspZGeJkzPTvUcGrodw
Talking Tom,www.youtube.com/channel/UCm3hAp1m1xlAz0ve_EKAo4g
Zig & Sharko,www.youtube.com/channel/UCcKJJuOe2tOqgrKw0Gks-sw
Santa Songs,www.youtube.com/channel/UC_c4psnFX-ZyCUXA_vlXpIQ
PopularMMOs,www.youtube.com/channel/UCpGdL9Sn3Q5YWUH2DVUW1Ug
ladyTV Online,www.youtube.com/channel/UCU2Yxfwz0un3yDn-q_C0y5g
ToyzCollectorHD,www.youtube.com/channel/UCAtZ8IT8JSY0W8ecOmtYOdw
Amy Jo's Kids Vids,www.youtube.com/channel/UCdxGyxkbDupQeiLHp6_Pf2A
Princess Bánh Bao,www.youtube.com/channel/UC5DFRZ0EiT5FAebrBIHfnqA
Duy Huynh,www.youtube.com/channel/UCV2rkmwN8xWa9_RUA5x7pXw
Trap Nation,www.youtube.com/channel/UCa10nxShhzNrCE1o2ZOPztg
Stone Music Entertainment,www.youtube.com/channel/UC_pwIXKXNm5KGhdEVzmY60A
officialpsy,www.youtube.com/channel/UCrDkAvwZum-UTjHmzDI2iIw
DauTay's Channel,www.youtube.com/channel/UCZopoA0XAHWmuyD9tIWsrPA
MBCkpop,www.youtube.com/channel/UCe52oeb7Xv_KaJsEzcKXJJg
SurpriseFunTV,www.youtube.com/channel/UCbLXfrb6dT54QtedNWXY2AQ
BH New,www.youtube.com/channel/UC8rryJ1uPgve5I5GeiGb2NQ
WOOSSI TV ,https://www.youtube.com/channel/UCUsk1z-BGZ7xAMmQ60eMLxQ
ChilledCow ,https://www.youtube.com/channel/UCSJ4gkVC6NrvII8umztf0Ow
GioMuaDongz,https://www.youtube.com/channel/UCDdD7S5VLfjK1b4wePA_oZg
Hoàng Ngọc,https://www.youtube.com/user/ngoc92pro
KINGLIVE,https://www.youtube.com/channel/UCWfU5SAvcp7gVxZkQy2pM-w
An Coong Piano,https://www.youtube.com/user/typi206
Ghiền Phim Hàn,https://www.youtube.com/channel/UCzCWSfs-gfx8nT2yRulQ1QA
Giang Nguyen,https://www.youtube.com/channel/UCfxY1HzwvH1gBfAG8O-kNwA
Bảo Thy Official,https://www.youtube.com/channel/UCCR-IyNWoL2WwXsMejWFZsg
tvONE,https://www.youtube.com/channel/UChXzpQ8ld1M-yqgKm_ERs7Q
EMIR,https://www.youtube.com/channel/UCCeKVUSMDJ4nOFNJ9soj6xA
Edward Duong Nguyen,https://www.youtube.com/user/DuongNguyen92
THÙY CHI OFFICIAL,https://www.youtube.com/channel/UCZ0zEZe8pWhmNpPdzwfxx4A
Aden Films,https://www.youtube.com/channel/UCu9g5OmzcCpcJnmSYyHnIVw
Travel Thirsty,https://www.youtube.com/user/TravelThirstyBlog
WeChoice Awards,https://www.youtube.com/channel/UCYr6B4NQB0q5T8926szVwGw
METUB Network,https://www.youtube.com/user/METUBNetwork
Hài Việt Hay Nhất,https://www.youtube.com/channel/UCL0xYqqFmvasrNqArWDeN1g
Khoái Coi Hài,https://www.youtube.com/channel/UC_BdxnwgyBjaFrAcyPiZmbg
Vân Sơn Official,https://www.youtube.com/channel/UCL5FwspSBL70weoGzpaU-Gw
Relax Music For Deep Sleep,https://www.youtube.com/channel/UCkNfJeT-rPXjnnq2j-77NCQ
SaigonVoice Channel,https://www.youtube.com/channel/UC6A9rjar9qJHjcLqUsA99aQ
Tuyệt Phẩm Bolero,https://www.youtube.com/channel/UC4PBuip9UF_JjqqJdTr59AQ
Đỉnh Cao Bolero,https://www.youtube.com/channel/UCbYr9sX_FVHW4SYTxTvrvjw
Tuyệt Đỉnh Trữ Tình Bolero,https://www.youtube.com/channel/UCEQjyjKrKbSMF8NXxkNHK7w
Trà My Phạm,https://www.youtube.com/channel/UChVv4yyh0y0CbRJ0FO_xBpg
Dave and Ava - Nursery Rhymes and Baby Songs,www.youtube.com/channel/UC6zhI71atP7YLoZyIyCIGNw
Kids Channel - nursery rhymes and kids cartoons,www.youtube.com/channel/UC3KknIJZXRygH2pZ6MDtGbg
Sen Vang Kids,www.youtube.com/channel/UCIoVmIUMCIGGJQw66EMtSrA
Kids Go,www.youtube.com/channel/UC1Rkr2Nxq_MPAaP8JlEpWxg
Biết Tuốt,www.youtube.com/channel/UCC9VPGspEZtH2U4A-6PziMA
Cartoons Child,www.youtube.com/channel/UCWpi49ZfrhWN6N4T978uV3w
Khoảnh khắc kỳ diệu SR,www.youtube.com/channel/UCvzfslyP-b2ePbcYfuPj1Ag
Phạm Trưởng Official,www.youtube.com/channel/UClSqehW3l7yUu-M_SxdRttQ
ibighit,www.youtube.com/channel/UC3IZKseVpdzPSBaWxBxundA
Sieu Nhan Game Play,www.youtube.com/channel/UCUgESE4UhoACzKMtFqMPG1g
Kênh Em Bé,www.youtube.com/channel/UCCidvntfs-yeZjEv9oMlfzQ
Baby Nursery Rhymes,www.youtube.com/channel/UChRZS2yZ2TDEO13e3g4zHTQ
Kênh Sáng Tạo .COM,www.youtube.com/channel/UCyhbCnDC6BWUdH8m-RUJHug
Noo Phước Thịnh,www.youtube.com/channel/UC7tPk1F9H5e2vGUmTDlz9nQ
Mr. Siro,www.youtube.com/channel/UCh-A27eKaTrPM_gkfIw_-mA
Ti Gôn KayaClub,www.youtube.com/channel/UC7QAQuX5DUr-Op5Lvf-JLFQ
Toys AndMe,www.youtube.com/channel/UC6sSkkemzPjmrzS0Y0V_2zw
Thách Thức Danh Hài,www.youtube.com/channel/UCuHL9SSiXZnM89fM2n3GMPg
Mr.Wheeler&Friends,www.youtube.com/channel/UC1f30HQiOR7NzmE8PYPQhZw
NaoFun Toys,www.youtube.com/channel/UCS3VJQpFmLbBd5qsWci9KPA
Bé Bảo An,www.youtube.com/channel/UCSkZeVTfy_emZf_7lujP2bg
Hot Scense Football,www.youtube.com/channel/UC1FjwlP-YzdUORaLmy2CQng
XE HAY,www.youtube.com/channel/UCL19dahMH6qwXxGXFWAjdVA
Trúc Nhân,www.youtube.com/channel/UC9c3qUdRWmMic4-5yTjvCNA
Oops Channy,www.youtube.com/channel/UC-tJ52OfXxNyZJhj-dGqMYQ
Sao nhập ngũ - QPVN,www.youtube.com/channel/UCzZ94GZFgqqx6Pzbnj3UMjA
Bé Bào Ngư,www.youtube.com/channel/UCBIcWTNcmxCmfn_FaiodsXw
Bé Phan Hiếu Kiên,www.youtube.com/channel/UCdb3QmyzSVTrjqLwUzkiZ7g
AnhAnhChannel,www.youtube.com/channel/UCPZ9KSCWg-Fgq6I-aFzSE-A
DAM tv,www.youtube.com/channel/UCBNPvdFXpc0XhJ0UG1solTg
CARS 4 KIDS,www.youtube.com/channel/UCrqibU7I1_b1M06OLieE-Rw
Trọng Tấn Official,www.youtube.com/channel/UCy1p6wMD3sXCfHe_c3BoHpg
THVL Tổng Hợp,www.youtube.com/channel/UC0Rd9opm-RIWEoMvhq6ottQ
MoWo Channel,www.youtube.com/channel/UCORRilBFvR2-ome3VrNF4Eg
OGGY,www.youtube.com/channel/UCNEKMkg_DG8eAyR1BNWsSvw
Twenty Entertainment,www.youtube.com/channel/UCnd7MSg_bM65nZPLSeinciw
THE MEN,www.youtube.com/channel/UCpRjAzIX9BDYv4ISRpOs4QA
HYNAM TV,www.youtube.com/channel/UCXDIgxSd1EJNuCmKsNGZjEA
LangVanINC,www.youtube.com/channel/UC7L-eZeLe3aUU-t-Qr5CbAQ
Phi Nhung,www.youtube.com/channel/UCDnVitNb5mHfbao4C8ORRHw
MISTHY TV,www.youtube.com/channel/UCctVE0w6y1AAwx7ueaN7bhg
Farmees - Nursery Rhymes And Kids Songs,www.youtube.com/channel/UCu9MYfF0vosVcK38oNnnJxw
Anthony Vo,www.youtube.com/channel/UC1tjgkJKxg_yDlrN1_l6_Kg
KatyPerryVEVO,www.youtube.com/channel/UC-8Q-hLdECwQmaWNwXitYDw
Vanh Leg,www.youtube.com/channel/UC4Jw36rrtdMdW99PeCtNwxA
Hoang Thuy Linh Official,www.youtube.com/channel/UCMLVQcgkkFsTR7o8_sMt7lQ
FPT - Gaming Of Game,www.youtube.com/channel/UCMnZquNA7WHETiCiZP8jWvA
ChainsmokersVEVO,www.youtube.com/channel/UCRzzwLpLiUNIs6YOPe33eMg
WWE,www.youtube.com/channel/UCJ5v_MCY6GNUBTO8-D3XoAg
Vannie In Wonderland,www.youtube.com/channel/UCGBPq6LpnA2mguZVnuKr_yA
Dương Ngọc Thái Official,www.youtube.com/channel/UC8ZETUoA9519Hn0tw8JKJ7g
TuTiTu Tiếng Việt,www.youtube.com/channel/UCfwIyLt_XYDWrBVXu--X2nQ
BẠN MUỐN HẸN HÒ - WANNA DATE,www.youtube.com/channel/UCYd8eNMptkrGQs5F1JFHgMA
Toy Kingdom TV,www.youtube.com/channel/UCUcCRBDH4vR5j1AvvlsVraw
ChuChuTV Surprise Eggs Toys,www.youtube.com/channel/UCKcQ7Jo2VAGHiPMfDwzeRUw
Nguyen Linh - Truy Kích 2.0,www.youtube.com/channel/UC2n-OZ74An9SvqD7GyXgk1g
Toys King,www.youtube.com/channel/UCsIpNBcovgWNOQ_Lge7PnMw
Soobin Hoàng Sơn Official,www.youtube.com/channel/UCpVvunMbMvVj9DgCiOSBdcg
BHGaming,www.youtube.com/channel/UCX4N3DioqqrugFeilxTkSIw
Người Bí Ẩn 2017,www.youtube.com/channel/UCUbNpziH0pGLRpjP89CAltA
Hãng Phim Phước Sang,www.youtube.com/channel/UCiamN6XxIAXJ6TsBriFoCdg
Changmakeup,www.youtube.com/channel/UC1O0TFY6UMY2RgfrGymiwIw
Tinh tế,www.youtube.com/channel/UCyQobySFx_h9oFwsBV0KGdg
Đài Phát Thanh - Truyền Hình Hậu Giang,www.youtube.com/channel/UCJP6tyq5u7NBtWRHFKVQhTg
FAFILM CHANNEL,www.youtube.com/channel/UCkavC8z_LHw5H531FyFiEfA
Bé Ngọc Ngân,www.youtube.com/channel/UC7DtHcPcp1EczGl4Uw-dn8A
2NGUYỄN entertainment,www.youtube.com/channel/UC-UJCzOd6YgPhw5oOIrivAA
Neo-Saban Power Rangers,www.youtube.com/channel/UCpgxmlXoDtkYzRQ4cJgCT5A
Sen Vang Music,www.youtube.com/channel/UCqtLAMhnNwIb3bvVTmevGtA
Baby Channel,www.youtube.com/channel/UCdLRku9E_lKSUN1xo25uy3w
Funny LOL - LEAGUE OF LEGENDS -,www.youtube.com/channel/UCEhMC0bXS1eQm0T6i6nj7tw
PewDiePie,www.youtube.com/channel/UC-lHJZR3Gqxm24_Vd_AJ5Yw
Xuan Mai,www.youtube.com/channel/UCrOcZgy3gRVzhph93tydvfg
NHẠC HỘI SONG CA OFFICIAL,www.youtube.com/channel/UCj0qjsEInkfu0vltJJUZKbw
Doraemon Toy,www.youtube.com/channel/UCOhGz_7UNtYRCccXvoAuOsw
NEW TAS LYRICS,www.youtube.com/channel/UCpsXRs8ZlK-nBRj05CmLSgg
Sunrise Media,www.youtube.com/channel/UCF3TM1yxDMdFm2p3h11j52Q
AOE Team,www.youtube.com/channel/UCc8nwkoS4Ivu2bNeNMU2dUA
F.A CHANNEL,www.youtube.com/channel/UCNgr4g9AqhEWeSKTlyxnrDg
NoCopyrightSounds,www.youtube.com/channel/UC_aEa8K-EOJ3D6gOs7HcyNg
Jerry Gaming,www.youtube.com/channel/UCEzc9HSNLSD4O0YYHVK8iEg
BABY TIME ®,www.youtube.com/channel/UCf7ifWh9wpu8v2LDEtL-qLg
Một Trăm Triệu Một Phút,www.youtube.com/channel/UCiPiVHB9fqldOqDM0LLWxKA
Camera Quangcuong,www.youtube.com/channel/UCpSTLhPV8hCPHGlpfi_ANiw
THU VIEN TRI THUC,www.youtube.com/channel/UCB4vJ66wHn5zR7m5pUuof1w
Baby Big Mouth,www.youtube.com/channel/UCWr4vlkj5xXQ4bSXNeTT2AA
Đỗ Duy Nam,www.youtube.com/channel/UCrZxFYEPtjeVQtnBK0HBgDw
Armor Hero,www.youtube.com/channel/UCxKY5IT742Uet0luiwEjbiQ
POPS Music - Bolero,www.youtube.com/channel/UCNbN0PXZeHD3gQAqV1dE9mg
jypentertainment,www.youtube.com/channel/UCaO6TYtlC8U5ttz62hTrZgg
Maroon5VEVO,www.youtube.com/channel/UCN1hnUccO4FD5WfM7ithXaw
VNsGotTalent,www.youtube.com/channel/UCdouf4Nk-opU7-J1VMrRHsw
Tigerr,www.youtube.com/channel/UC3WY6ywLk1zzsOfUIn32MrQ
GalaxyFilmThienNgan,www.youtube.com/channel/UCq_28uJmbq4tlji7YAMZGtg
Happy Cream TV,www.youtube.com/channel/UCYj2zspZGeJkzPTvUcGrodw
Liên Minh Huyền Thoại 24/7,www.youtube.com/channel/UCvlezt2b2WeGG3_HnZCeY-g
Yamaha Trung Tá,www.youtube.com/channel/UClejilMg3p7I1aWB0yIHrrA
Talking Tom,www.youtube.com/channel/UCm3hAp1m1xlAz0ve_EKAo4g
TaylorSwiftVEVO,www.youtube.com/channel/UCANLZYMidaCbLQFWXBC95Jg
Zig & Sharko,www.youtube.com/channel/UCcKJJuOe2tOqgrKw0Gks-sw
Super Simple Songs - Kids Songs,www.youtube.com/channel/UCLsooMJoIpl_7ux2jvdPB-Q
Củ Tỏi,www.youtube.com/channel/UCgDfzrVg03RwCTmdq1Ca-bQ
23 Creative Vn,www.youtube.com/channel/UCj1P7chdcRFZioj7XW2d7mA
OTĐ Squad,www.youtube.com/channel/UCfSXl4KGu5KWaNpHrMphUfw
McQueen Songs,www.youtube.com/channel/UC_c4psnFX-ZyCUXA_vlXpIQ
PopularMMOs,www.youtube.com/channel/UCpGdL9Sn3Q5YWUH2DVUW1Ug
VMG Music,www.youtube.com/channel/UCK8hdkRHLOhDW5wBJxqhVQw
Trịnh Đình Quang Official,www.youtube.com/channel/UCoAhcU_VbG5fXQfwBKThjyQ
ASIA CREATIVE COMMUNITY,www.youtube.com/channel/UCU2Yxfwz0un3yDn-q_C0y5g
MATCH DAY SHOW,www.youtube.com/channel/UCBQy6pmKYzolhejq-GnDIog
ToyzCollectorHD,www.youtube.com/channel/UCAtZ8IT8JSY0W8ecOmtYOdw
DCTC Superhero Kids Vids,www.youtube.com/channel/UCdxGyxkbDupQeiLHp6_Pf2A
Princess Bánh Bao,www.youtube.com/channel/UC5DFRZ0EiT5FAebrBIHfnqA
Duy Huynh,www.youtube.com/channel/UCV2rkmwN8xWa9_RUA5x7pXw
Mnet K-POP,www.youtube.com/channel/UCbD8EppRX3ZwJSou-TVo90A
Super Kids,www.youtube.com/channel/UCY6w7yucQDnJJ40x6_urpkg
Quang Lê Entertainment,www.youtube.com/channel/UC1b2o79claxxhcLTyaoYpWA
BLACKPINK,www.youtube.com/channel/UCOmHUn--16B90oW2L6FRR3A
Trap Nation,www.youtube.com/channel/UCa10nxShhzNrCE1o2ZOPztg
Bee Sweetiee,www.youtube.com/channel/UCR8aCjafSwh33ovhZhXa6Fg
DẠY TRẺ THÔNG MINH SỚM,www.youtube.com/channel/UCGcJDcl6ybo3-4XJ_ZmGF4Q
KIDS 312,www.youtube.com/channel/UC8L3Rrqjk6qDjJS35TGHh0w
CJENMMUSIC Official,www.youtube.com/channel/UC_pwIXKXNm5KGhdEVzmY60A
SpaceSpeakers,www.youtube.com/channel/UCOWm9GI64rpikvexym1QSTA
Kluna Tik,www.youtube.com/channel/UCw5hxC9BldHV8cU8PgbNY9g
officialpsy,www.youtube.com/channel/UCrDkAvwZum-UTjHmzDI2iIw
Ch3Thailand,www.youtube.com/channel/UC48h7Dst_hX82HxOf3xJw_w
La Văn Mỹ,www.youtube.com/channel/UC4Cs3RuD_rfc_NE6vxjW1VQ
Vlad CrazyShow,www.youtube.com/channel/UCuMFptTP-0SdhR4fIx4Q3UQ
DauTay's Channel,www.youtube.com/channel/UCZopoA0XAHWmuyD9tIWsrPA
MBCkpop,www.youtube.com/channel/UCe52oeb7Xv_KaJsEzcKXJJg
SurpriseFunTV,www.youtube.com/channel/UCbLXfrb6dT54QtedNWXY2AQ
Finger Family Songs,www.youtube.com/channel/UCc-YCLZsBzb3tytzEDToZVw
JustinBieberVEVO,www.youtube.com/channel/UCHkj014U2CQ2Nv0UZeYpE_A
CalvinHarrisVEVO,www.youtube.com/channel/UCaHNFIob5Ixv74f5on3lvIw
Charlie Puth,www.youtube.com/channel/UCwppdrjsBPAZg5_cUwQjfMQ
BH New,www.youtube.com/channel/UC8rryJ1uPgve5I5GeiGb2NQ
